have,with,about,pathway,title,description,url,format,documentType,publisher,jurisdiction,comments
Question;Concern;Problem;Issue;,a neighbour next door;,Fences;,Self Resolution;,form 1 ndr,,http://www.justice.qld.gov.au/__data/assets/pdf_file/0007/180484/form-1-ndr.pdf,application/pdf,form,,Queensland,Notice for urgent fencing contribution - option to link directly to form or to landing page on fence disputes. Not a lot of context for how this form is used despite its important role.
Question;Concern;Problem;Disagreement;Issue;,a neighbour;a neighbour next door;,Fences;,Self Resolution;,form 2 ndr,,http://www.justice.qld.gov.au/__data/assets/pdf_file/0006/180483/form-2-ndr.pdf,application/pdf,form,,Queensland,Notice for fencing contribution - option to link directly to form or to landing page on fence disputes. Not a lot of context for how this form is used despite its important role.
Question;Issue;Disagreement;Problem;Conflict;Concern;,a neighbour;a neighbour next door;,Fences;,Self Resolution;,Your responsibility as a fence owner,Your rights and responsibilities over a dividing fence between yours and your neighbour’s property.,http://www.qld.gov.au/law/housing-and-neighbours/disputes-about-fences-trees-and-buildings/avoiding-fence-tree-and-building-disputes/your-responsibility-as-a-fence-owner/,text/html,guidelines,,Queensland,Your responsibility as a fence owner
Question;Concern;Problem;Issue;,a neighbour;a neighbour next door;,Fences;,Self Resolution;Assisted Resolution;,Avoiding disputes about fences,Use these tips to avoid a dispute with your neighbours over the fence that divides your properties.,http://www.qld.gov.au/law/housing-and-neighbours/disputes-about-fences-trees-and-buildings/avoiding-fence-tree-and-building-disputes/avoiding-disputes-about-fences/,text/html,guidelines,,Queensland,Avoiding disputes about fences
Concern;Problem;Disagreement;Complaint;Conflict;Dispute;,a neighbour;a neighbour next door;,Fences;,Self Resolution;Assisted Resolution;Formal Resolution;,Step-by-step guide to resolving tree and fence disputes,A step-by-step guide to resolving tree or fence disputes with your neighbour.,http://www.qld.gov.au/law/housing-and-neighbours/disputes-about-fences-trees-and-buildings/resolving-tree-and-fence-disputes/step-by-step-guide-to-resolving-tree-and-fence-disputes/,text/html,guidelines,,Queensland,Step by step guide to resolving tree and fence disputes
Concern;Question;Issue;,a neighbour;a neighbour next door;,Fences;,Self Resolution;,Ways to approach your neighbour,Tips on how to approach your neighbour to resolve an issue.,http://www.qld.gov.au/law/housing-and-neighbours/disputes-about-fences-trees-and-buildings/ways-to-approach-your-neighbour/,text/html,fact sheet,,Queensland,Ways to approach your neighbour
Problem;Disagreement;Conflict;Issue;Dispute;Complaint;,a neighbour;a neighbour next door;,Fences;,Self Resolution;Assisted Resolution;,Neighbourhood mediation,"Free dispute resolution for neighbours, including how this type of mediation works and how to arrange mediation for neighbours",http://www.qld.gov.au/law/legal-mediation-and-justice-of-the-peace/setting-disputes-out-of-court/neighbourhood-mediation,text/html,guidelines,,Queensland,Neighbourhood mediation
Complaint;Question;,a neighbour;a neighbour next door;,Fences;,Assisted Resolution;Formal Resolution;,NeighDisputesDFTA11,,https://www.legislation.qld.gov.au/LEGISLTN/CURRENT/N/NeighDisputesDFTA11.pdf,application/pdf,legislation,,Queensland,Direct link to NDR Act (Trees and Fences) - not sure if relevant - it is referenced in other pages
Question;Dispute;Issue;,a neighbour;a neighbour next door;,Fences;,Assisted Resolution;Formal Resolution;,Examples of dividing fence disputes,Learn where to find details of past dividing fence disputes that may help you resolve your own issue.,http://www.qld.gov.au/law/housing-and-neighbours/disputes-about-fences-trees-and-buildings/resolving-tree-and-fence-disputes/examples-of-dividing-fence-disputes/,text/html,fact sheet,,Queensland,Examples of dividing fence disputes
Complaint;Dispute;,a neighbour;a neighbour next door;,Fences;,Formal Resolution;Assisted Resolution;,Resolving dividing fence disputes with QCAT,"Find out when, how and where to make an application to QCAT to resolve your dividing fence dispute.",http://www.qld.gov.au/law/housing-and-neighbours/disputes-about-fences-trees-and-buildings/resolving-tree-and-fence-disputes/resolving-dividing-fence-disputes-with-qcat/,text/html,procedure,,Queensland,Resolving dividing fence disputes with QCAT
Dispute;Complaint;Conflict;,a neighbour;a neighbour next door;,Fences;,Formal Resolution;Assisted Resolution;,Dividing fence disputes - QCAT Queensland Civil and Administrative Tribunal,,http://www.qcat.qld.gov.au/matter-types/dividing-fence-disputes,text/html,procedure,Queensland Department of Justice and Attorney-General,Queensland,QCAT landing page for fences - need to shift to YRCL if any info not available through YRCL existing link
Complaint;Conflict;Dispute;,a neighbour;a neighbour next door;,Fences;,Formal Resolution;Assisted Resolution;,Form 53 Application for minor civil dispute dividing fences,,http://www.qcat.qld.gov.au/__data/assets/pdf_file/0004/129577/Form-53-Application-for-minor-civil-dispute-dividing-fences.pdf,application/pdf,form,,Queensland,QCAT form 53 - won't be in YRCL until late 2015
Complaint;Dispute;Conflict;,a neighbour;a neighbour next door;,Fences;,Formal Resolution;Assisted Resolution;,checklist Form 53 Application for minor civil dispute dividing fences,,http://www.qcat.qld.gov.au/__data/assets/pdf_file/0005/129578/checklist-Form-53-Application-for-minor-civil-dispute-dividing-fences.pdf,application/pdf,form,,Queensland,Checklist to support QCAT form 53 - unlikely to be needed once form 53 migrates to YRCL
Problem;Disagreement;Complaint;Conflict;Dispute;Issue;,a neighbour;a neighbour next door;,Fences;,Formal Resolution;,Debt disputes - QCAT Queensland Civil and Administrative Tribunal,,http://www.qcat.qld.gov.au/matter-types/debt-disputes,text/html,procedure,Queensland Civil and Administrative Tribunal,Queensland,QCAT info on general debt disputes - which covers some dividing fence disputes
Concern;Question;Problem;,a neighbour;a neighbour next door;,Fences;,Self Resolution;Formal Resolution;,Department of Housing and Public Works | Dividing fences,,http://www.hpw.qld.gov.au/construction/BuildingPlumbing/PoolSafety/PoolFencesSafetyBarriers/Pages/DividingFences.aspx,text/html,procedure,,Queensland,HPW info on dividing fences which are pool fences - links to forms and fact sheets
Question;,a neighbour;a neighbour next door;,Fences;,Self Resolution;Assisted Resolution;Formal Resolution;,Fences - Queensland Neighbourhood Disputes,,http://www.qldneighbourhoods.com/fences.html,text/html,procedure,,Queensland,Non-government - page by Queensland Association of Independent Legal Services (QAILS)
Question;Problem;Issue;,a neighbour;a neighbour next door;,Fences;,Self Resolution;,Talk to Your Neighbour - Queensland Neighbourhood Disputes,,http://www.qldneighbourhoods.com/talk-to-your-neighbour.html,text/html,fact sheet,,Queensland,QAILS page - Generic info on avoiding and resolving disputes - relevant across range of neighbour issues
Problem;Question;Disagreement;Issue;,a neighbour;a neighbour next door;,Fences;,Self Resolution;,What do I do if my neighbour approaches me about a dividing fence issue? - Queensland Neighbourhood Disputes,,http://www.qldneighbourhoods.com/what-do-i-do-if-my-neighbour-approaches-me-about-a-dividing-fence-issue.html,text/html,fact sheet,,Queensland,QAILS page - how to respond to request for dividing fence
Question;Issue;Disagreement;,a neighbour;a neighbour next door;,Fences;,Self Resolution;,Writing to Your Neighbour - Queensland Neighbourhood Disputes,,http://www.qldneighbourhoods.com/writing-to-your-neighbour.html,text/html,fact sheet,,Queensland,QAILS page - provides a template for writing to your neighbour about a fence (and other issues)
Disagreement;Concern;Issue;Conflict;,a neighbour;a neighbour next door;,Fences;,Assisted Resolution;,Mediation - Queensland Neighbourhood Disputes,,http://www.qldneighbourhoods.com/mediation.html,text/html,fact sheet,,Queensland,QAILS page - general information on mediation - provides DRB and YRCL links
Problem;Issue;Question;Dispute;Disagreement;,a neighbour;,Fences;,Self Resolution;Assisted Resolution;Formal Resolution;,Dividing Fences kit 2013,,https://caxton.org.au/pdfs/Dividing%20Fences%20kit%202013.pdf,application/pdf,fact sheet,,Australia,Caxton Legal Centre information kit - Dividing fences - A self-help kit about the law of building and maintaining fences between neighbours. Fees are out of date - limited value
Question;,a neighbour;a neighbour next door;,Retaining walls;,Formal Resolution;,Your responsibility as a fence owner,Your rights and responsibilities over a dividing fence between yours and your neighbour’s property.,https://www.qld.gov.au/law/housing-and-neighbours/disputes-about-fences-trees-and-buildings/avoiding-fence-tree-and-building-disputes/your-responsibility-as-a-fence-owner/,text/html,guidelines,,Queensland,Retaining walls subheading in page - would require anchor
Question;,a neighbour;a neighbour next door;,Retaining walls;,Self Resolution;,Avoiding building disputes,To avoid building disputes it is important to work out all details before the building work begins.,http://www.qld.gov.au/law/housing-and-neighbours/disputes-about-fences-trees-and-buildings/avoiding-fence-tree-and-building-disputes/avoiding-building-disputes/,text/html,fact sheet,,Queensland,Retaining walls subheading in page - would require anchor
Question;Dispute;Conflict;,a neighbour;a neighbour next door;,Retaining walls;,Formal Resolution;,Fences and retaining walls,,http://www.legalaid.qld.gov.au/legalinformation/livinginthecommunity/Neighbourhood/Pages/Fencesandretainingwalls.aspx#Top,text/html,guidelines,,Queensland,Legal Aid - no legal advice offered - but does contain reference to complex laws and getting independent legal advice
;,a neighbour;a neighbour next door;,Retaining walls;,Formal Resolution;,"A retaining wall or a wall that is part of a house, garage or other building - Queensland Neighbourhood Disputes",,http://www.qldneighbourhoods.com/a-retaining-wall-or-a-wall-that-is-part-of-a-house-garage-or-other-building.html,text/html,guidelines,,Queensland,Non-government - page by Queensland Association of Independent Legal Services (QAILS)
Question;Dispute;Conflict;,a neighbour;someone in my neighbourhood;a neighbour next door;a neighbour in my street;,Parking;,Formal Resolution;,Illegal and dangerous parking | Brisbane City Council,"Parking rules and regulations are used throughout Brisbane to maintain the safety of all road users and pedestrians and also to ensure that street parking is available for all to use.
An illegally or dangerously parked vehicle, is any vehicle parked outside of Brisbane City Council's parking rules and regulations or any vehicle that maybe creating a public safety problem.",http://www.brisbane.qld.gov.au/traffic-transport/parking-permits/parking-rules/illegal-dangerous-parking,text/html,guidelines,,Brisbane City Council,Gives neighbour an avenue to complain/report parking issues
Complaint;Dispute;,a neighbour;someone in my neighbourhood;someone in my neighbourhood;a neighbour next door;a neighbour in my building;,Rubbish bins;Noise;Smells;Drainage;,Self Resolution;Assisted Resolution;,"Complaints - noise, water, smells and fire",,http://www.legalaid.qld.gov.au/legalinformation/livinginthecommunity/Neighbourhood/Pages/Complaints-noisewatersmellsandfire.aspx,text/html,guidelines,,Queensland,"General nuisance, including smells created from rubbish"
Complaint;Dispute;,a neighbour;someone in my neighbourhood;a neighbour next door;a neighbour in my street;,Rubbish bins;Smells;Objects;,Self Resolution;Assisted Resolution;Formal Resolution;,Neighbourhood complaints | Brisbane City Council,"This section has information about common neighbourhood complaints, including actions you can take as a good neighbour to avoid disturbing surrounding residents.",http://www.brisbane.qld.gov.au/laws-permits/local-laws/information-about-local-laws/neighbourhood-complaints,text/html,guidelines,,Brisbane City Council,Could cover any dispute with neighbours. Includes a link to DRB.
Complaint;Dispute;,a neighbour;someone in my neighbourhood;a neighbour next door;a neighbour in my street;,Rubbish bins;,Formal Resolution;,Bin collections | Brisbane City Council,"Your home has wheelie bins for separating general rubbish from green waste and recyclables. Check your bin collection day with the bin collection calendar. 
To make sure your bin is collected:",http://www.brisbane.qld.gov.au/environment-waste/rubbish-tips-bins/rubbish-collections/bin-collections,text/html,procedure,,Brisbane City Council,
Question;Complaint;,a neighbour;someone in my neighbourhood;a neighbour next door;a neighbour in my street;a neighbour in my building;,Access;,Formal Resolution;,Residential parking | Brisbane City Council,"Brisbane residential areas have parking rules in place to ensure parked or stopped vehicles do not affect local access or traffic flow. Parking illegally can be frustrating for neighbours and the community. Residents are often prevented from accessing their home or local area. If vehicles are illegally parked, Council can help.
There are two courses of action you can take to deal with parking problems in your area.",http://www.brisbane.qld.gov.au/traffic-transport/parking-permits/parking-rules/residential-parking,text/html,guidelines,,Brisbane City Council,
Complaint;,a neighbour;someone in my neighbourhood;a neighbour in my street;a neighbour next door;a neighbour in my building;,Noise;,Formal Resolution;,Complain about noisy neighbours,"How to resolve problems with noisy neighbours, loud dogs and noisy vehicles, pubs and clubs.",http://www.qld.gov.au/law/housing-and-neighbours/noise-and-crime-in-the-neighbourhood/complain-about-noisy-neighbours/,text/html,form,,Queensland,"Online Complaint tool for loud music, parties, street racing and burnouts. Referres to Police, DRC, Dpt. Transport and Main Roads, and Liquor and Gaming"
Question;Concern;Issue;,a neighbour;someone in my neighbourhood;a neighbour in my street;a neighbour in my building;a neighbour next door;,Noise;,Self Resolution;,Noise,Information about noise exemptions and how to report noise pollution.,http://www.qld.gov.au/environment/pollution/pollution-management/noise/,text/html,guidelines,,Queensland,"Explains noise restrictions, complaints, Noise exemptions"
Complaint;Issue;Problem;Question;,a neighbour;someone in my neighbourhood;a neighbour next door;a neighbour in my building;a neighbour in my street;,Noise;Dogs and other pets;Smells;,Assisted Resolution;,"Complaints - noise, water, smells and fire",,http://www.legalaid.qld.gov.au/legalinformation/livinginthecommunity/Neighbourhood/Pages/Complaints-noisewatersmellsandfire.aspx#What is a nuisance?,text/html,guidelines,,Queensland,"Complaints about noise, water, smells and fire. General information"
Complaint;,a neighbour;someone in my neighbourhood;a neighbour next door;a neighbour in my street;a neighbour in my building;,Noise;,Formal Resolution;,Noise/Party Complaint Online Form,,https://www.police.qld.gov.au/apps/reports/noiseComplaint,text/html,form,,Queensland,Online Noise/Party Complaint Online form for QPS
Problem;Question;Concern;,a neighbour;someone in my neighbourhood;a neighbour next door;a neighbour in my street;a neighbour in my building;,Noise;,Assisted Resolution;,Noise/Party Complaint Online Form,,https://www.police.qld.gov.au/apps/reports/noiseComplaint,text/html,guidelines,,Queensland,QPS Noisy Parties: What you need to know and Template for notifying your neighbours of parties.
Question;,a neighbour;,Noise;Dogs and other pets;Overgrown gardens;,Self Resolution;,Local laws database,Queensland local governments have adopted a diverse range of local laws to assist them to govern their respective areas. The department maintains a database of local laws enacted by councils across Queensland. You must accept the,http://www.dlg.qld.gov.au/local-government/laws/local-laws-database.html,text/html,legislation,,Queensland,Local laws database
Question;Issue;Concern;,a neighbour;,Dogs and other pets;,Self Resolution;,Pets and animals,"See what you should consider when choosing a pet. You can also find information on your responsibilities, including pet registratin in Queensland.",https://www.qld.gov.au/families/government/pets/,text/html,guidelines,,Queensland,"General information about dog/pet ownership: Choosing and caring for your pet, restricted dogs, laws for pet owners in Qld"
Dispute;Disagreement;Question;,a neighbour;a neighbour next door;,Trees;,Self Resolution;,Step-by-step guide to resolving tree and fence disputes,A step-by-step guide to resolving tree or fence disputes with your neighbour.,https://www.qld.gov.au/law/housing-and-neighbours/disputes-about-fences-trees-and-buildings/resolving-tree-and-fence-disputes/step-by-step-guide-to-resolving-tree-and-fence-disputes/,text/html,procedure,,Queensland,Step by step guide to resolving tree and fence disputes
Concern;Question;,a neighbour;a neighbour next door;,Trees;,Self Resolution;,What to do if a neighbour's tree is affecting you,Your rights and responsibilities over nuisance trees on yours and your neighbour’s property.,https://www.qld.gov.au/law/housing-and-neighbours/disputes-about-fences-trees-and-buildings/resolving-tree-and-fence-disputes/what-to-do-if-a-neighbours-tree-is-affecting-you/,text/html,guidelines,,Queensland,What to do if a neighbour's tree is affecting you
Concern;Question;,a neighbour;a neighbour next door;,Trees;,Self Resolution;,Avoiding disputes about trees,Use these tips to avoid a dispute with your neighbours over trees.,https://www.qld.gov.au/law/housing-and-neighbours/disputes-about-fences-trees-and-buildings/avoiding-fence-tree-and-building-disputes/avoiding-disputes-about-trees/,text/html,guidelines,,Queensland,Avoiding disputes about trees
Question;,a neighbour;a neighbour next door;,Trees;,Self Resolution;,Your responsibilities as a tree-keeper,Know your legal rights and responsibilities as tree-keeper.,https://www.qld.gov.au/law/housing-and-neighbours/disputes-about-fences-trees-and-buildings/avoiding-fence-tree-and-building-disputes/your-responsibilities-as-a-tree-keeper/,text/html,legislation,,Queensland,The responsibilities of a tree keeper
Disagreement;Dispute;Conflict;,a neighbour;a neighbour next door;,Trees;,Assisted Resolution;Self Resolution;,Trees and plants,,http://www.legalaid.qld.gov.au/legalinformation/livinginthecommunity/Neighbourhood/Pages/Treesandplants.aspx,text/html,guidelines,,Queensland,"Some basic legal information, rights, etc, from the legal aid website"
Complaint;,a neighbour;,Dogs and other pets;,Formal Resolution;,Barking dogs in the neighbourhood,Find out what you can do about a barking dog in your neighbourhood.,http://www.qld.gov.au/law/housing-and-neighbours/noise-and-crime-in-the-neighbourhood/barking-dogs-in-the-neighbourhood/,text/html,guidelines,,Queensland,Complaints about dogs - link to council websites
Question;Problem;Concern;,a neighbour;,Dogs and other pets;,Assisted Resolution;,"Animals - controlling, treating and owning",,http://www.legalaid.qld.gov.au/legalinformation/livinginthecommunity/Neighbourhood/Pages/Animals-controllingtreatingandowning.aspx,text/html,legislation,,Queensland,"Controlling, treating and owning animals from legal aid."
Question;,a neighbour;a neighbour next door;,Trees;,Assisted Resolution;,resolving neighbourhood disputes trees,,http://www.justice.qld.gov.au/__data/assets/pdf_file/0010/134893/resolving-neighbourhood-disputes-trees.pdf,application/pdf,fact sheet,,Queensland,Resolve a neighbourhood dispute about trees - brochure
Problem;Concern;Question;,a neighbour;,Dogs and other pets;,Assisted Resolution;,Animals - Queensland Neighbourhood Disputes,,http://www.qldneighbourhoods.com/animals.html,text/html,guidelines,,Queensland,"General page about animal noise, wandering pets, number of pets, dangerous pets, prohibited ptes, registration of pets."
Problem;Concern;Disagreement;Dispute;,a neighbour;a neighbour next door;,Trees;,Self Resolution;Assisted Resolution;,Tree Disputes Self Help Kit   nov 2013,,https://caxton.org.au/pdfs/Tree%20Disputes%20Self%20Help%20Kit%20-%20nov%202013.pdf,application/pdf,procedure,,Australia,Caxton Legal self help tree dispute kit
Concern;Problem;,a neighbour;someone in my neighbourhood;,Dogs and other pets;,Self Resolution;,What if a complaint is made against your animal? - Queensland Neighbourhood Disputes,,http://www.qldneighbourhoods.com/what-if-a-complaint-is-made-against-your-animal.html,text/html,guidelines,,Queensland,Information about what to do if a complaint is recevied against your animal.
Concern;Disagreement;Conflict;Dispute;,a neighbour;a neighbour next door;,Trees;,Self Resolution;Assisted Resolution;Formal Resolution;,Tree disputes - QCAT Queensland Civil and Administrative Tribunal,,http://www.qcat.qld.gov.au/matter-types/tree-disputes,text/html,guidelines,Queensland Civil and Administrative Tribunal,Queensland,QCAT website - information on tree disputes
Complaint;Problem;Disagreement;Conflict;Dispute;Issue;,a neighbour;someone in my neighbourhood;,Behaviours;Abuse;Threats;Harassment;,Formal Resolution;,Fact sheets - Queensland Courts,,http://www.courts.qld.gov.au/about/fact-sheets,text/html,guidelines,Queensland Courts,Queensland,Fact sheet relating to Peace and Good Behaviour Complaints
Disagreement;Conflict;Dispute;Issue;,a neighbour;someone in my neighbourhood;,Behaviours;Abuse;Threats;Harassment;,Formal Resolution;,Legal self help kits from the Caxton Legal Centre Inc,Caxton Legal Centre publishes a number of self-help kits to practically assist people if they face certain legal issues,https://caxton.org.au/self_help_kits.html,text/html,guidelines,,Australia,Legal Self Help Kit from Caxton Legal Service
Dispute;Conflict;,a neighbour;a neighbour next door;,Trees;,Formal Resolution;,Frequently asked questions - tree disputes - QCAT Queensland Civil and Administrative Tribunal,,http://www.qcat.qld.gov.au/matter-types/tree-disputes/faq-tree-disputes,text/html,guidelines,Queensland Department of Justice and Attorney-General,Queensland,Frequently asked questions in relation to tree disputes before QCAT
Conflict;Dispute;,a neighbour;a neighbour next door;,Trees;,Formal Resolution;,Overhanging branches and debt disputes - QCAT Queensland Civil and Administrative Tribunal,,http://www.qcat.qld.gov.au/matter-types/tree-disputes/overhanging-branches,text/html,guidelines,Queensland Department of Justice and Attorney-General,Queensland,Information regarding minor debt disputes before QCAT about overhanging branches
Conflict;Dispute;Question;,a neighbour;a neighbour next door;,Trees;,Formal Resolution;,Tree dispute application - QCAT Queensland Civil and Administrative Tribunal,,http://www.qcat.qld.gov.au/matter-types/tree-disputes/tree-dispute-application,text/html,guidelines,Queensland Department of Justice and Attorney-General,Queensland,How to lodge a tree dispute application with QCAT
Dispute;Conflict;,a neighbour;a neighbour next door;,Trees;,Formal Resolution;,Application checklist Tree dispute resolution,,http://www.qcat.qld.gov.au/__data/assets/pdf_file/0014/205403/Application-checklist-Tree-dispute-resolution.pdf,application/pdf,guidelines,,Queensland,Check list to use before lodging an application with QCAT
Dispute;,a neighbour;a neighbour next door;,Trees;,Formal Resolution;,Form 51 application for a tree dispute v2,,http://www.qcat.qld.gov.au/__data/assets/pdf_file/0011/129683/Form-51-application-for-a-tree-dispute-v2.pdf,application/pdf,form,,Queensland,Formal application for a tree dispute - QCAT
Dispute;,a neighbour;a neighbour next door;,Trees;,Formal Resolution;,Form 52 Response to application for a tree dispute v2,,http://www.qcat.qld.gov.au/__data/assets/pdf_file/0003/129684/Form-52-Response-to-application-for-a-tree-dispute-v2.pdf,application/pdf,form,,Queensland,Formal response form to an application for a tree dispute. To be used by the tree keeper.
Dispute;Concern;Problem;Question;Complaint;,a neighbour;someone in my neighbourhood;,Children;,Formal Resolution;,protecting children,,http://www.communities.qld.gov.au/childsafety/protecting-children,text/html,guidelines,,Queensland,"Child Safety information for protecting children: information on preventing, reporting, and responding to child abuse; ongoing intervention; contacts and link to reports/publications."
Problem;Concern;Dispute;Conflict;Question;,a neighbour;someone in my neighbourhood;,Children;,Self Resolution;Assisted Resolution;,Things people say,,"http://www.legalaid.qld.gov.au/legalinformation/livinginthecommunity/Neighbourhood/Pages/Thingspeoplesay.aspx#What can I do if children are taunting me or my child, or making comments?",text/html,guidelines,,Queensland,Brief information regarding rights/options in relation to unwanted children's behaviour (verbal abuse/threats).
Problem;Concern;Dispute;Conflict;Question;,a neighbour;someone in my neighbourhood;,Children;,Self Resolution;Assisted Resolution;,If you are being bullied,"Information about what to do if you are being bullied, where to get support, and some helpful resources.",https://www.qld.gov.au/youth/family-social-support/being-bullied/,text/html,guidelines,,Queensland,"Information on what to do if you are being bullied. Includes links to further information on bullying, cyberbullying and related statistics."
Concern;Problem;Complaint;Question;,a neighbour next door;a neighbour;,Easements;,Self Resolution;Assisted Resolution;,Boundaries and easements,,http://www.legalaid.qld.gov.au/legalinformation/livinginthecommunity/neighbourhood/pages/boundariesandeasements.aspx,text/html,guidelines,,Queensland,Information from legal aid about boundaries and easements
Question;,a neighbour;someone in my neighbourhood;,Easements;,Self Resolution;,Boundaries and easements,,http://pan.search.qld.gov.au/search/click.cgi?rank=4&collection=qld-gov&url=https%3A%2F%2Fwww.dnrm.qld.gov.au%2F%3Fa%3D109113%3Apolicy_registry%2Feasement.pdf&index_url=https%3A%2F%2Fwww.dnrm.qld.gov.au%2F%3Fa%3D109113%3Apolicy_registry%2Feasement.pdf&auth=AGl9LU383MAOeg4hm4%2Fe7Q&search_referer=&query=easements&profile=dnrm&identifier=1430176784.7555,application/pdf,guidelines,,Queensland,Qld Dept of Agriculture and Mines: PDF document on Easements
Question;,a neighbour;someone in my neighbourhood;,Easements;,Self Resolution;,Easements - Queensland Neighbourhood Disputes,,http://www.qldneighbourhoods.com/easements.html,text/html,guidelines,,Queensland,Information about easements
Question;,a neighbour;someone in my neighbourhood;,Easements;,Self Resolution;,Easements,How to apply for an easement over state land or the continuation of a public utility easement.,http://www.qld.gov.au/environment/land/state/easements/,text/html,guidelines,,Queensland,general information about easements
Question;Concern;Conflict;Complaint;Issue;,a neighbour;someone in my neighbourhood;,Renovations;,Assisted Resolution;Formal Resolution;,Queensland Code of Practice for the Building and Construction Industry - Department of Justice and Attorney-General,,http://www.justice.qld.gov.au/fair-and-safe-work/industrial-relations/codes-of-practice-and-guidelines/queensland-code-of-practice-for-the-building-and-construction-industry,text/html,guidelines,Queensland Department of Justice and Attorney-General,Queensland,Information on the code of practice for the building and construction industry
Question;,a neighbour;someone in my neighbourhood;,Easements;,Self Resolution;,Easements,"Easements over land may be granted for a specific purpose, including access, drainage, sewerage, or supply of water or gas.
",http://www.qld.gov.au/environment/land/state/easements/applying/,text/html,procedure,,Queensland,how to apply for an easement
Question;,someone in my neighbourhood;a neighbour;,Easements;,Self Resolution;,03 Easements,,http://www.landservices.sa.gov.au/5Publications/Brochures_and_Fact_Sheets/_files/_Fact_Sheets/03_Easements.pdf,application/pdf,fact sheet,,Australia,South Australia Government document on Easements - right of way - PDF doc
Concern;Question;Issue;Dispute;Disagreement;Problem;,someone in my neighbourhood;a neighbour;a neighbour next door;a neighbour in my street;a neighbour in my building;,Renovations;,Self Resolution;Assisted Resolution;,Renovation information free from renovate.com.au,Comprehensive renovation information and services for the Australian home renovator,http://www.renovate.com.au/rules/index.cfm,text/html,guidelines,,Australia,Outlines rules and regulations governing renovations in Australia. Contains links to other bodies with a governing role.
Question;Concern;Conflict;Complaint;Issue;,someone in my neighbourhood;a neighbour;a neighbour next door;a neighbour in my street;a neighbour in my building;,Renovations;,Self Resolution;Assisted Resolution;,Development Permits and Approvals - Queensland Neighbourhood Disputes,,http://www.qldneighbourhoods.com/development-permits-and-approvals.html,text/html,guidelines,,Queensland,Provides information on neighbour's rights relating to use of own land and links to Local government and legislative information.
Question;Concern;Conflict;Complaint;Issue;,someone in my neighbourhood;a neighbour;a neighbour next door;a neighbour in my street;a neighbour in my building;,Renovations;,Self Resolution;,Avoiding building disputes,To avoid building disputes it is important to work out all details before the building work begins.,http://www.qld.gov.au/law/housing-and-neighbours/disputes-about-fences-trees-and-buildings/avoiding-fence-tree-and-building-disputes/avoiding-building-disputes/,text/html,guidelines,,Queensland,Provides advice on how to avoid building disputes; includes some information on approaching neighbours
Question;Concern;Conflict;Complaint;Issue;,someone in my neighbourhood;a neighbour;a neighbour next door;a neighbour in my street;a neighbour in my building;,Children;,Formal Resolution;,Young people and the justice system,,http://www.legalaid.qld.gov.au/legalinformation/youngpeople/Pages/Youngpeopleandthejusticesystem.aspx,text/html,procedure,,Queensland,Provides information regarding young people and the justice system. Includes links to related sites and services
Question;Concern;Conflict;Complaint;Issue;,someone in my neighbourhood;a neighbour;a neighbour next door;a neighbour in my street;a neighbour in my building;,Children;,Formal Resolution;,Youth justice - Department of Justice and Attorney-General,,http://www.justice.qld.gov.au/youth-justice,text/html,procedure,Queensland Department of Justice and Attorney-General,Queensland,Information on the laws / police powers relating to youth justice.
Concern;Question;Issue;,a neighbour;someone in my neighbourhood;a neighbour in my street;,Drainage;,Self Resolution;,stormwater factsheet,,http://www.logan.qld.gov.au/__data/assets/pdf_file/0007/49093/stormwater-factsheet.pdf,application/pdf,guidelines,,Logan City Council,Council information about stormwater drainage
Complaint;Question;,a neighbour;a neighbour next door;a neighbour in my street;,Drainage;,Self Resolution;Assisted Resolution;,"Stormwater pollution, runoff and drainage complaints | Brisbane City Council","As a result of Brisbane’s climate and topography, pollution, flooding and nuisance issues from stormwater runoff can be a common problem for many Brisbane residents resulting in environmental harm, damage to property and distress to residents.",http://www.brisbane.qld.gov.au/laws-permits/complaints-fines/noise-air-light-water-complaints/stormwater-pollution-runoff-drainage-complaints,text/html,procedure,,Brisbane City Council,how to make a complaint to the council about drainage and stormwater pollution
Concern;Problem;Complaint;Question;Issue;,a neighbour;someone in my neighbourhood;a neighbour next door;a neighbour in my street;a neighbour in my building;,Wildlife;,Self Resolution;Assisted Resolution;,Animals - Queensland Neighbourhood Disputes,,http://www.qldneighbourhoods.com/animals.html,text/html,guidelines,,Queensland,QAILS - Qld Neighbourhood Disputes > Animals
Concern;Problem;Complaint;Question;Issue;,a neighbour;someone in my neighbourhood;a neighbour next door;a neighbour in my street;a neighbour in my building;,Wildlife;,Self Resolution;Assisted Resolution;Formal Resolution;,Animals | Neighbours and the law,Companion Animals Act 1998 - animals,http://www.legalanswers.sl.nsw.gov.au/guides/neighbours/animals.html,text/html,guidelines,State Library of New South Wales,Australia,NSW Government - Neighbours and the law > Animals
Concern;Problem;Complaint;Question;Issue;,a neighbour;someone in my neighbourhood;a neighbour next door;a neighbour in my street;a neighbour in my building;,Wildlife;,Self Resolution;Assisted Resolution;,Know Your Rights | Dispute Settlement Centre of Victoria,,http://www.disputes.vic.gov.au/know-your-rights-0,text/html,guidelines,,Australia,VIC Government - Resolving your own dispute > Know your rights > Animals
Concern;Problem;Complaint;Question;Issue;,a neighbour;someone in my neighbourhood;a neighbour next door;a neighbour in my street;a neighbour in my building;,Wildlife;,Self Resolution;,Neighbourhood disputes,,http://www.crs.org.au/html/neighbourhood_disputes.htm#animal,text/html,guidelines,,Australia,ACT Government - Conflict Resolution Service - Common Neighbourhood Issues > Animal nuisance > Danger to health of animal or a person
Concern;Complaint;Question;Issue;,a neighbour;someone in my neighbourhood;a neighbour next door;a neighbour in my street;a neighbour in my building;,Wildlife;,Self Resolution;Assisted Resolution;,City of Gold Coast | Animal complaints,Information on how to report an animal complaint.,http://www.goldcoast.qld.gov.au/community/animal-complaints-18356.html,text/html,guidelines,corporateName=City of Gold Coast,Gold Coast City Council,"City of Gold Coast - Animal Complaints (concerns about the welfare of an animal, excess animals)"
Concern;Complaint;,a neighbour;someone in my neighbourhood;a neighbour next door;a neighbour in my street;a neighbour in my building;,Wildlife;Dogs and other pets;,Self Resolution;Assisted Resolution;,"Animals - controlling, treating and owning",,http://www.legalaid.qld.gov.au/LEGALINFORMATION/LIVINGINTHECOMMUNITY/NEIGHBOURHOOD/Pages/Animals-controllingtreatingandowning.aspx,text/html,guidelines,,Queensland,"LAQ - no legal advice offered - Animals - Controlling, treating, owning > complain about mistreatment"
Problem;Complaint;Conflict;Dispute;Issue;,a neighbour;a neighbour next door;a neighbour in my street;a neighbour in my building;,Cameras;,Self Resolution;Assisted Resolution;,What can I do about my neighbour’s security camera?| Office of the Australian Information Commissioner - OAIC,,http://www.oaic.gov.au/privacy/privacy-topics/photos-and-surveillance/what-can-i-do-about-my-neighbour-s-security-camera,text/html,guidelines,,Australia,Office of the Australian Information Commissioner - What can I do about my neighbours security camera? > Refers to state community mediation centres [This is the only relevant resource available - only in English]
Problem;Complaint;Conflict;Dispute;Issue;,someone in my neighbourhood;a neighbour in my building;a neighbour next door;a neighbour in my street;a neighbour;,Lighting;Noise;Smells;,Self Resolution;,"Noise, light and odour issues (Department of Environment and Heritage Protection)","Any environmental nuisance issues arising out of Coal Seam Gas operations, such as noise, light and odour, are covered by environmental authority conditions.",http://www.ehp.qld.gov.au/management/non-mining/noise-light-odour.html,text/html,procedure,jurisdiction=Queensland; sector=government; corporateName=Department of Environment and Heritage Protection,Queensland,"information on Dept of Environment website outlining legal responsibilities in relation to noise, light and odour issues"
Concern;Problem;Disagreement;Complaint;Dispute;,someone in my neighbourhood;a neighbour;a neighbour next door;a neighbour in my street;a neighbour in my building;,Lighting;,Self Resolution;Assisted Resolution;,,,http://www.townsville.qld.gov.au/.../Documents/Light Nuisance-final.pdf,application/pdf,guidelines,,Townsville City Council,"Fact sheet on nuisance lighting, encouraging self-resolution as first step and noting that local councils are responsible for investigating lighting disputes."
Issue;Concern;Disagreement;Complaint;Dispute;Question;,someone in my neighbourhood;a neighbour in my building;a neighbour next door;a neighbour in my street;a neighbour;,Lighting;Noise;,Self Resolution;Assisted Resolution;Formal Resolution;,Noise and Light - Sunshine Coast Council,,http://www.sunshinecoast.qld.gov.au/sitePage.cfm?code=noise-light,text/html,guidelines,,Sunshine Coast Regional Council,"Information on light and noise nuisance that clarifies where local council has responsibility to investigate, and when the issue is outside of their control. Includes links to fact sheets and related information."
Question;,someone in my neighbourhood;,Children;,Formal Resolution;,Lawstuff Australia - Know Your Rights - - - Topics,,http://www.lawstuff.org.au/qld_law/topics/,text/html,guidelines,,Queensland,Website designed for young people. Provides information on legal rights with links to detailed information listed under topic names e.g. cyberbullying.
Question;Problem;,a neighbour;someone in my neighbourhood;a neighbour next door;an adjoining landowners;,Drainage;,Self Resolution;,lawful point discharge neighbours,,http://www.brisbane.qld.gov.au/sites/default/files/lawful_point_discharge_neighbours.pdf,application/pdf,fact sheet,,Brisbane City Council,Brisbane City Council Information for neighbours about stormwater lawful points of discharge.
Concern;Problem;Complaint;Issue;,a neighbour;someone in my neighbourhood;,Noise;Dogs and other pets;,Self Resolution;,Barking dogs | Brisbane City Council,"Excessive dog barking can be annoying for neighbours and the community. In Brisbane, a dog is considered a nuisance:",http://www.brisbane.qld.gov.au/laws-permits/laws-permits-residents/animals-pets/cats-dogs/barking-dogs,text/html,guidelines,,Brisbane City Council,Brisbane City Council Barking Dog Information
Question;Issue;,a neighbour;someone in my neighbourhood;,Noise;Dogs and other pets;,Self Resolution;,City of Gold Coast | Barking dogs,"Nearly all dogs bark - it is a natural response, but excessive barking can be annoying for neighbours.",http://www.goldcoast.qld.gov.au/community/barking-dogs-3498.html,text/html,fact sheet,corporateName=City of Gold Coast,Gold Coast City Council,Gold Coast City Council Barking Dog Page - Dog owner
Complaint;Problem;Concern;Issue;,a neighbour;someone in my neighbourhood;a neighbour in my street;,Trees;Dogs and other pets;,Formal Resolution;,City of Gold Coast | Report a problem - Animals,"Find out how to report a found animal or a problem with barking or dangerous dogs, excess animals on a property, plus how to find your lost pet, or have a dead animal removed from City land.",http://www.goldcoast.qld.gov.au/report-a-problem-animals-24148.html,text/html,procedure,corporateName=City of Gold Coast,Gold Coast City Council,Gold Coast City Council Barking Dog Page - Make a complaint
Complaint;Problem;Concern;Issue;,a neighbour;someone in my neighbourhood;a neighbour in my street;,Noise;Dogs and other pets;,Self Resolution;Assisted Resolution;,Dogs : Ipswich City Council,,http://www.ipswich.qld.gov.au/residents/animals/dogs,text/html,procedure,,Ipswich City Council,Ipswich City Council Nuisance Dogs - Mediation and/or complaint
Concern;Problem;Complaint;Issue;,a neighbour;someone in my neighbourhood;a neighbour in my street;,Noise;Dogs and other pets;,Self Resolution;,Barking dogs - Lockyer Valley Regional Council,Lockyer Valley Regional Council,http://www.lockyervalley.qld.gov.au/community/animal-control/barking-dogs,text/html,fact sheet,,Lockyer Valley Regional Council,Lockyer Valley Council Barking Dogs - information
Question;,a neighbour;,Noise;Dogs and other pets;,Assisted Resolution;,Animal Seminars - Logan City Council,,http://www.logan.qld.gov.au/facilities-and-recreation/animals/pet-care/animal-seminars,text/html,guidelines,,Logan City Council,Logan City Council Dogs - Proactive - Animal Seminars
Concern;Problem;Complaint;Issue;,a neighbour;someone in my neighbourhood;a neighbour in my street;,Noise;Dogs and other pets;,Self Resolution;,Barking Dogs - Logan City Council,,http://www.logan.qld.gov.au/facilities-and-recreation/animals/pet-care/barking-dogs,text/html,fact sheet,,Logan City Council,Logan City Council Barking Dogs - Information
Concern;Problem;Complaint;Issue;,a neighbour;someone in my neighbourhood;,Noise;Dogs and other pets;,Self Resolution;,Barking dogs - Moreton Bay Regional Council,,https://www.moretonbay.qld.gov.au/general.aspx?id=13577,text/html,fact sheet,Moreton Bay Regional Council,Moreton Bay Regional Council,Moreton Bay Regional Council Barking Dogs - Information
Concern;Problem;Complaint;Issue;,a neighbour;someone in my neighbourhood;,Noise;Dogs and other pets;,Self Resolution;Formal Resolution;,Barking dogs,,http://www.redland.qld.gov.au/FormsPermits/PetManagement/Dog/Pages/BarkingDogs.aspx,text/html,fact sheet,,Redland City Council,Redland City Council Barking Dogs - Information
Concern;Problem;Complaint;Issue;,a neighbour;someone in my neighbourhood;,Noise;Dogs and other pets;,Self Resolution;Assisted Resolution;,Noisy and nuisance animals - Scenic Rim Regional Council,,http://www.scenicrim.qld.gov.au/environment/animalnoise.shtml,text/html,procedure,,Scenic Rim Regional Council,Scenic Rim Council Noisy and Nuisance Animals
Issue;,a neighbour;someone in my neighbourhood;,Noise;Dogs and other pets;,Self Resolution;,Fact Sheet   Barking Dogs   A Dog Owners View,,http://www.somerset.qld.gov.au/documents/611941/4483953/Fact%20Sheet%20-%20Barking%20Dogs%20-%20A%20Dog%20Owners%20View.pdf,application/pdf,fact sheet,,Somerset Regional Council,Somerset Regional Council Barking Dogs - A Dog Owner's View Fact Sheet
Concern;Problem;Complaint;Issue;,a neighbour;someone in my neighbourhood;,Noise;Dogs and other pets;,Self Resolution;,Fact Sheet   Barking Dogs   A Neighbours View,,http://www.somerset.qld.gov.au/documents/611941/4483953/Fact%20Sheet%20-%20Barking%20Dogs%20-%20A%20Neighbours%20View.pdf,application/pdf,fact sheet,,Somerset Regional Council,Somerset Regional Council Barking Dogs - A Neighbour's View Fact Sheet
Concern;Problem;Complaint;Issue;,a neighbour;someone in my neighbourhood;,Noise;Dogs and other pets;,Self Resolution;,barking complainant,,http://www.sunshinecoast.qld.gov.au/addfiles/documents/animals/barking_complainant.pdf,application/pdf,procedure,,Sunshine Coast Regional Council,Sunshine Coast Council Barking and Roaming Dogs - Fact Sheet for Complainant
Issue;,a neighbour;someone in my neighbourhood;,Noise;Dogs and other pets;,Self Resolution;,barking owner,,http://www.sunshinecoast.qld.gov.au/addfiles/documents/animals/barking_owner.pdf,application/pdf,fact sheet,,Sunshine Coast Regional Council,Sunshine Coast Council Barking and Roaming Dogs - Fact Sheet for Owner
Concern;Problem;Conflict;Issue;,a neighbour;someone in my neighbourhood;,Noise;Dogs and other pets;,Formal Resolution;,Noisy and nuisance animals - Scenic Rim Regional Council,,http://www.banana.qld.gov.au/animals-complaints-pound,text/html,procedure,,Banana Shire Council,Banana Shire Council Animal Complaints - Making a Complaint
Concern;Problem;Complaint;Issue;,someone in my neighbourhood;a neighbour;,Noise;Dogs and other pets;,Self Resolution;,Animal Management | Bundaberg Regional Council,,http://www.bundaberg.qld.gov.au/environment/animals,text/html,fact sheet,,Bundaberg Regional Council,Bundaberg Regional Council Animal Management - PDF found by clicking on 'Caring for your Cat or Dog' image
Concern;Problem;Complaint;Issue;,a neighbour;someone in my neighbourhood;,Noise;Dogs and other pets;,Self Resolution;,Animal management - Fraser Coast Regional Council,,http://www.frasercoast.qld.gov.au/animal-management,text/html,fact sheet,,Fraser Coast Regional Council,Fraser Coast Regional Council Animal Management - information
Concern;Problem;Complaint;Issue;,a neighbour;someone in my neighbourhood;,Noise;Dogs and other pets;,Self Resolution;,Animal management - Gympie Regional Council - Gympie Regional Council,,https://www.gympie.qld.gov.au/animal-management,text/html,fact sheet,,Gympie Regional Council,Gympie Regional Council Animal Management - Information under 'Neighbourhood Concerns'
Concern;Problem;Complaint;Issue;,a neighbour;someone in my neighbourhood;,Noise;Dogs and other pets;,Self Resolution;,North Burnett Regional Council - Barking Dogs,,http://www.northburnett.qld.gov.au/?id=155,text/html,fact sheet,,North Burnett Regional Council,North Burnett Regional Council Barking Dogs - Information
Concern;Problem;Complaint;Issue;,a neighbour;someone in my neighbourhood;,Noise;Dogs and other pets;,Self Resolution;,,,http://www.southburnett.qld.gov.au/animal-control#Barking,text/html,fact sheet,,South Burnett Regional Council,South Burnett Regional Council Responsible Pet Ownership - information under 'Barking Dogs'
Concern;Problem;Complaint;Issue;,a neighbour;someone in my neighbourhood;,Noise;Dogs and other pets;,Formal Resolution;,,,http://www.southburnett.qld.gov.au/contact-us,text/html,procedure,,South Burnett Regional Council,South Burnett Regional Council Request for Service- Barking dogs is a request for service NOT a complaint
Concern;Problem;Complaint;Issue;,a neighbour;someone in my neighbourhood;,Noise;Dogs and other pets;,Self Resolution;,Managing barking in our community,,http://www.goondiwindirc.qld.gov.au/documents/17518/211487/Managing%20barking%20in%20our%20community.pdf,application/pdf,fact sheet,,Goondiwindi Regional Council,Goondiwindi Regional Council - Managing Marking in Our Community Fact Sheet
Concern;Problem;Complaint;Issue;,a neighbour;someone in my neighbourhood;,Noise;Dogs and other pets;,Self Resolution;,Neighbours Dog Barking Excessively Brochure,,http://www.goondiwindirc.qld.gov.au/documents/17518/211487/Neighbours%20Dog%20Barking%20Excessively%20Brochure.pdf,application/pdf,fact sheet,,Goondiwindi Regional Council,Goondiwindi Regional Council - Barking Dog Nusiance Complaint Information
Concern;Problem;Complaint;Issue;,a neighbour;someone in my neighbourhood;,Noise;Dogs and other pets;,Self Resolution;,Barking dogs,"Local government information for the beautiful areas between Yarraman and Clifton, Millmerran and Toowoomba.",http://www.toowoombarc.qld.gov.au/laws-and-permits/animal-regulations/2792-barking-dogs,text/html,fact sheet,,Toowoomba Regional Council,Toowoomba Regional Council - Barking Dogs
Concern;Problem;Complaint;Issue;,a neighbour;someone in my neighbourhood;,Noise;Dogs and other pets;,Self Resolution;,Barking Dogs - Central Highlands Regional Council,,http://www.centralhighlands.qld.gov.au/barking-dogs,text/html,fact sheet,,Central Highlands Regional Council,Central Highlands Regional Council Barking Dogs
Concern;Problem;Complaint;Issue;,a neighbour;,Noise;Dogs and other pets;,Self Resolution;,Nuisances/Complaints - Gladstone Regional Council,,http://www.gladstone.qld.gov.au/nuisances/complaints,text/html,procedure,,Gladstone Regional Council,Gladstone Regional Council - Nuisance/ Complaints
Concern;Problem;Complaint;Issue;,a neighbour;someone in my neighbourhood;,Noise;Dogs and other pets;,Formal Resolution;,Nuisance Animals - Isaac Regional Council,,http://www.isaac.qld.gov.au/nuisance-animals,text/html,procedure,,Isaac Regional Council,Isaac Regional Council - Nuisance Animal Reporting a Nuisance Animal
Concern;Problem;Complaint;Issue;,a neighbour;someone in my neighbourhood;,Noise;Dogs and other pets;,Self Resolution;,Barking dogs,,http://www.mackay.qld.gov.au/residents/local_laws/animal_management/responsible_dog_ownership/barking_dogs,text/html,fact sheet,,Mackay Regional Council,Mackay Regional Council Barking Dogs
Concern;Problem;Complaint;Issue;,a neighbour;someone in my neighbourhood;,Noise;Dogs and other pets;,Self Resolution;,Barking Dogs,,http://www.rockhamptonregion.qld.gov.au/Council_Services/Animal_Management/Helpful_information_for_pet_owners/Barking_Dogs,text/html,fact sheet,,Rockhampton Regional Council,Rockhampton Regional Council Barking Dogs
Concern;Problem;Complaint;Issue;,a neighbour;someone in my neighbourhood;,Noise;Dogs and other pets;,Self Resolution;Formal Resolution;,Barking Dogs - Burdekin Shire Council,"All dogs bark, but some barking dogs become a real neighbourhood nuisance.",http://www.burdekin.qld.gov.au/regulations-laws-and-forms/animal-management/dogs/barking-dogs/,text/html,fact sheet,,Burdekin Shire Council,Burdekin Regional Council Barking Dogs
Concern;Problem;Complaint;Issue;,a neighbour;someone in my neighbourhood;,Noise;Dogs and other pets;,Self Resolution;,Fact Sheet Barking Dogs,,http://www.charterstowers.qld.gov.au/documents/41682213/41699791/Fact%20Sheet%20Barking%20Dogs.pdf,application/pdf,fact sheet,,Charters Towers Regional Council,Charters Towers Regional Council Barking Dog Fact Sheet
Concern;Problem;Complaint;Issue;,a neighbour;someone in my neighbourhood;,Noise;Dogs and other pets;,Self Resolution;,,,http://www.hinchinbrook.qld.gov.au/barking-dogs,text/html,fact sheet,,Hinchinbrook Shire Council,Hinchinbrook Shire Council Barking Dogs
Concern;Problem;Complaint;Issue;,a neighbour;someone in my neighbourhood;,Noise;Dogs and other pets;,Self Resolution;,Barking Dogs,,http://www.townsville.qld.gov.au/resident/animals/Documents/Barking%20Dogs.pdf,application/pdf,fact sheet,,Townsville City Council,Townsville City Council Barking Dogs Fact Sheet
Concern;Problem;Complaint;Issue;,a neighbour;someone in my neighbourhood;,Noise;Dogs and other pets;,Self Resolution;,Whitsunday Regional Council - Animals - Barking Dogs,,http://www.whitsunday.qld.gov.au/barking-dogs,text/html,fact sheet,,Whitsunday Regional Council,Whitsunday Regional Council Barking Dogs
Concern;Problem;Complaint;Issue;,a neighbour;someone in my neighbourhood;,Noise;Dogs and other pets;,Self Resolution;,Barking dog - Cairns Regional Council,Council investigates all reports of nuisance barking but we need your help before we can take action. Please remember not all barking is a nuisance under Local Laws- even if it is annoying.,http://www.cairns.qld.gov.au/community-environment/pets-and-domestic-animals/complaints/barking-dog,text/html,fact sheet,Cairns Regional Council,Cairns Regional Council,Cairns Regional Council Barking Dogs with additional pdf links on page
Concern;Problem;Complaint;Issue;,a neighbour;someone in my neighbourhood;,Noise;Dogs and other pets;,Self Resolution;Formal Resolution;,Barking dog issue - Cassowary Coast Regional Council,,http://www.cassowarycoast.qld.gov.au/barking-dog-issue,text/html,procedure,,Cassowary Coast Regional Council,Cassowary Coast Regional Council Barking Dog Issues - Process
Concern;Problem;Complaint;Issue;,a neighbour;someone in my neighbourhood;,Noise;Dogs and other pets;,Formal Resolution;,Home - cook,,http://www.cook.qld.gov.au/,text/html,procedure,,Cook Shire Council,Cook Shire Council - Complaints Process
Problem;Complaint;Issue;,a neighbour;someone in my neighbourhood;,Noise;Dogs and other pets;,Self Resolution;Formal Resolution;,Lockhart River Aboriginal Shire Council » Animal Management,,http://lockhart.qld.gov.au/environment/animal-management/,text/html,guidelines,,Lockhart River Aboriginal Shire Council,Lockhart River Aboriginal Shire - Animal Management
Concern;Complaint;Issue;,a neighbour;someone in my neighbourhood;,Dogs and other pets;,Self Resolution;,Rangers,,http://napranum.qld.gov.au/council-departments/rangers,text/html,guidelines,,Napranum Aboriginal Shire Council,Napranum Aboriginal Shire - Information about Rangers and local wildlife
Concern;Complaint;Issue;,a neighbour;someone in my neighbourhood;,Dogs and other pets;,Formal Resolution;,Animal Control - Northern Peninsula Area Regional Council,,http://www.nparc.qld.gov.au/animal-control,text/html,legislation,,Northern Peninsula Area Regional Council,Northern Peninsula Area Region Council - Animal Control Information
Concern;Complaint;Issue;,a neighbour;someone in my neighbourhood;,Dogs and other pets;Noise;,Self Resolution;,Animal Services - TRC - Tablelands Regional Council,,http://www.trc.qld.gov.au/animal-services/,text/html,legislation,,Tablelands Regional Council,Tablelands Regional Council - Animal Services links to laws and resources
Concern;Issue;,a neighbour;someone in my neighbourhood;,Dogs and other pets;,Assisted Resolution;,Animal Control - torres,,http://www.torres.qld.gov.au/animal-control,text/html,legislation,,Torres Shire Council,Torres Shire Council - Dog registration
Concern;Issue;,a neighbour;someone in my neighbourhood;,Dogs and other pets;,Assisted Resolution;,Weipa Town Authority,,http://www.weipatownoffice.com/55.html,text/html,guidelines,,Other,Weipa Town Authority - Pet and Animal Management
Concern;Issue;,a neighbour;someone in my neighbourhood;,Dogs and other pets;,Self Resolution;,Pet Registration - Burke Shire Council,,http://www.burke.qld.gov.au/pet-registration,text/html,guidelines,,Burke Shire Council,Burke Shire Council - Pet Registration
Issue;Question;,a neighbour;someone in my neighbourhood;,Dogs and other pets;,Self Resolution;,Pets and Animals - Carpentaria Shire Council,,http://www.carpentaria.qld.gov.au/pets-and-animals,text/html,guidelines,,Carpentaria Shire Council,Carpentaria Shire Council - Information about registering pets
Question;,someone in my neighbourhood;,Dogs and other pets;,Self Resolution;,Ranger - Cloncurry Shire Council,,http://www.cloncurry.qld.gov.au/ranger/-/journal_content/56/674573/6050901?p_p_auth=SUfox2iy&_56_showArticlTitleInPortlet=true,text/html,guidelines,,Cloncurry Shire Council,Cloncurry Shire Council - Responsible Animal Ownership
Question;Issue;,a neighbour;someone in my neighbourhood;,Noise;Dogs and other pets;,Self Resolution;,Ranger - Cloncurry Shire Council,,http://www.cloncurry.qld.gov.au/ranger?p_p_auth=aWyN00mH&p_p_id=101&p_p_lifecycle=0&p_p_state=maximized&p_p_mode=view&_101_struts_action=%2Fasset_publisher%2Fview_content&_101_assetEntryId=685970&_101_type=document&redirect=http%3A%2F%2Fwww.cloncurry.qld.gov.au%2Franger%3Fp_p_id%3D3%26p_p_lifecycle%3D0%26p_p_state%3Dmaximized%26p_p_mode%3Dview%26_3_groupId%3D0%26_3_keywords%3Dbarking%26_3_struts_action%3D%252Fsearch%252Fsearch%26_3_redirect%3D%252Franger%253Fp_p_id%253D3%2526p_p_lifecycle%253D0%2526p_p_state%253Dmaximized%2526p_p_mode%253Dview%2526_3_struts_action%253D%25252Fsearch%25252Fsearch%2526_3_redirect%253D%25252Franger%25252F-%25252Fjournal_content%25252F56%25252F674573%25252F6050901%25253Fp_p_auth%25253DSUfox2iy%252526_56_showArticlTitleInPortlet%25253Dtrue%2526_3_keywords%253Dnoise%2526_3_groupId%253D0,text/html,legislation,,Cloncurry Shire Council,Cloncurry Shire Council - Local Law Keeping and Control of Animals
Question;Issue;,a neighbour;someone in my neighbourhood;,Dogs and other pets;,Self Resolution;,Domestic Animals - croydon,,http://www.croydon.qld.gov.au/domestic-animals,text/html,guidelines,,Croydon Shire Council,Croydon Shire Council - Animal Management and Registration information
Concern;Issue;,a neighbour;someone in my neighbourhood;,Dogs and other pets;,Self Resolution;,Domestic Animals - etheridge,,http://www.etheridge.qld.gov.au/domestic-animals,text/html,guidelines,,Etheridge Shire Council,Etheridege Shire Council - Information about keeping domestic animals and responsiblity of pet owners
Concern;Problem;Issue;,a neighbour;someone in my neighbourhood;,Dogs and other pets;Noise;,Formal Resolution;,,,http://www.flinders.qld.gov.au/request-for-service,text/html,form,,Flinders Shire Council,Flinders Shire Council - Online complaints form about barking dogs
Question;,a neighbour;someone in my neighbourhood;,Dogs and other pets;,Self Resolution;,Animals - mckinlay,,http://www.mckinlay.qld.gov.au/councilservices/animals.shtml/-/journal_content/56_INSTANCE_0000/17564/310F2ED26835C089F81D0635240BF2C0?p_p_state_rcv=1,text/html,guidelines,,McKinlay Shire Council,McKinlay Shire Council - Animal registration and information page
Concern;Problem;Issue;,a neighbour;someone in my neighbourhood;,Noise;Dogs and other pets;,Self Resolution;,Animal Ownership - Mount Isa City Council,,http://www.mountisa.qld.gov.au/animal-ownership1#Barking,text/html,guidelines,,Mount Isa City Council,Mount Isa City Council - Animal Ownership Information including registration and barking dogs
Concern;Question;,a neighbour;someone in my neighbourhood;,Dogs and other pets;,Self Resolution;,Animal Control - richmond,,http://www.richmond.qld.gov.au/animal-control,text/html,guidelines,,Richmond Shire Council,Richmond Shire Council - Animal control information and registration forms
Concern;Problem;Issue;,a neighbour;someone in my neighbourhood;,Noise;Dogs and other pets;,Assisted Resolution;,Animal Control - richmond,,http://www.barcaldinerc.qld.gov.au/documents/311418/9733156/Barking%20Dog%20Nuisance%20Pack.pdf,application/pdf,fact sheet,,Barcaldine Regional Council,Barcaldine Regional Council - Barking Dogs Nuisance Pack
Concern;Issue;Issue;,a neighbour;someone in my neighbourhood;,Noise;Dogs and other pets;,Self Resolution;,Animal Registration - Barcoo Shire Council,Registration of your dog and/or cat is compulsory.,http://www.barcoo.qld.gov.au/about-council/animal-registration,text/html,guidelines,,Barcoo Shire Council,Barcoo Shire Council - Animal registration information including responsiblities of dog owner and contact information for coucil land protection officer
Question;Concern;Issue;,a neighbour;someone in my neighbourhood;,Dogs and other pets;Noise;,Self Resolution;,blackall-tambo -Responsible Pet Owner,,http://www.btrc.qld.gov.au/responsible-pet-owner,text/html,guidelines,,Blackall-Tambo Regional Council,Blackall-Tambo Regional Council - Responsible pet owner page includes information about barking dogs and council contac information.
Concern;Problem;Complaint;,a neighbour;someone in my neighbourhood;,Noise;Dogs and other pets;,Formal Resolution;,,,http://www.diamantina.qld.gov.au/dog-registration,text/html,procedure,,Diamantina Shire Council,Diamantina Shire Council - Information about dog registration and complaints process for barking dogs
Question;,a neighbour;someone in my neighbourhood;,Dogs and other pets;,Self Resolution;,Animal Control & Registration - Longreach Regional Council,,http://www.longreach.qld.gov.au/animal-control-registration#dogscats,text/html,guidelines,,Longreach Regional Council,Longreach Regional Council - General information about animal control and registration
Question;,a neighbour;,Dogs and other pets;,Self Resolution;,winton -Animal Control,,http://www.winton.qld.gov.au/animal-control,text/html,guidelines,,Winton Shire Council,Winton Shire Council - Animal Control information
Issue;Question;,a neighbour;,Dogs and other pets;,Self Resolution;,Home - Balonne Shire Council,,http://www.balonne.qld.gov.au/index.shtml/-/journal_content/56/722471/B41CFE72600AF432E56120DCA134FC93?p_p_auth=2DJqNgcS&_56_showArticlTitleInPortlet=true,text/html,guidelines,,Balonne Shire Council,Balonne Shire Council - Dog registration
Question;Issue;,a neighbour;,Dogs and other pets;,Self Resolution;,Bulloo Shire Council - Domestic Animals,,http://www.bulloo.qld.gov.au/domestic-animals1,text/html,guidelines,,Bulloo Shire Council,Bulloo Shire Council - Registration of domestic animals
Concern;Problem;Issue;,a neighbour;someone in my neighbourhood;,Dogs and other pets;Noise;,Self Resolution;,Barking Dogs - Maranoa Regional Council,,http://www.maranoa.qld.gov.au/barking-dogs,text/html,guidelines,,Maranoa Regional Council,Maranoa Regional Council - Barking Dog Information
Concern;Problem;Issue;,a neighbour;,Dogs and other pets;Noise;,Assisted Resolution;,Murweh Shire Council - Animals Agistment,,http://www.murweh.qld.gov.au/animals-agistment,text/html,guidelines,,Murweh Shire Council,Murweh Shire Council - Animal registration and information. Barking collars available through council.
Concern;Issue;Question;,someone in my neighbourhood;a neighbour;,Noise;Dogs and other pets;,Self Resolution;,get file?uuid=19d2355f 23b9 48fa a79a b52ef3cc1908&groupId=597641,,http://www.paroo.qld.gov.au/c/document_library/get_file?uuid=19d2355f-23b9-48fa-a79a-b52ef3cc1908&groupId=597641,text/html,fact sheet,,Paroo Shire Council,Paroo Shire Council - Responsible dog ownership factsheet including some information about barking
Question;,a neighbour;,Dogs and other pets;,Self Resolution;,Pet Ownership | Quilpie Shire Council,,http://quilpie.qld.gov.au/about/community/pet-ownership/,text/html,guidelines,,Quilpie Shire Council,Quilpie Shire Council - Pet ownership inforamtion
Concern;Question;,a neighbour in my building;another unit owner/lot owner;a neighbour in my body corporate;the body corporate;,Noise;Behaviours;Trees;Smells;Fences;Abuse;Dogs and other pets;Threats;Children;Drainage;Pools;Renovations;Retaining walls;Parking;Overgrown gardens;Objects;Rubbish bins;Easements;Lighting;By-law breaches (body corporate);Cameras;Common property (body corporate);Security;Harassment;Wildlife;,Self Resolution;,Self resolution for disputes,"If you live in a unit and have a dispute with your neighbour, you should try to work it out between yourselves before making a formal dispute resolution application.",http://www.qld.gov.au/law/housing-and-neighbours/body-corporate/body-corporate-disputes/types-of-dispute-resolution/self-resolution-for-disputes/,text/html,guidelines,,Queensland,"Self resolution for body corporate disputes between neighbours, which could cover all of the dispute categories. * Most important link for self resolution in bodies coprorate"
Problem;Issue;,a neighbour in my building;another unit owner/lot owner;a neighbour in my body corporate;the body corporate;,Noise;Behaviours;Trees;Smells;Fences;Abuse;Dogs and other pets;Threats;Children;Drainage;Pools;Renovations;Retaining walls;Parking;Overgrown gardens;Objects;Rubbish bins;Easements;Lighting;By-law breaches (body corporate);Cameras;Common property (body corporate);Security;Harassment;Wildlife;,Assisted Resolution;,Conciliation for body corporate disputes,Conciliation could be a good way to resolve your body corporate dispute if you find self resolution is not working. It could save you money.,http://www.qld.gov.au/law/housing-and-neighbours/body-corporate/body-corporate-disputes/types-of-dispute-resolution/conciliation-for-body-corporate-disputes/,text/html,procedure,,Queensland,"Conciliation for body corporate disputes between neighbours, which could cover all of the dispute categories * Most important link for assisted resolution in bodies coprorate"
Disagreement;,a neighbour in my building;another unit owner/lot owner;a neighbour in my body corporate;the body corporate;,Noise;Behaviours;Trees;Smells;Fences;Abuse;Dogs and other pets;Threats;Children;Drainage;Pools;Renovations;Retaining walls;Parking;Overgrown gardens;Objects;Rubbish bins;Easements;Lighting;By-law breaches (body corporate);Cameras;Common property (body corporate);Security;Harassment;Wildlife;,Formal Resolution;,Adjudication for body corporate disputes,"If you can’t resolve your body corporate dispute through self resolution, you may have to apply for adjudication. See what steps you need to take.",http://www.qld.gov.au/law/housing-and-neighbours/body-corporate/body-corporate-disputes/types-of-dispute-resolution/adjudication-for-body-corporate-disputes/,text/html,procedure,,Queensland,"Adjudication body corporate disputes between neighbours, which could cover all of the dispute categories. * Most important link for formal resolution in bodies coprorate"
Question;,a neighbour;someone in my neighbourhood;a neighbour next door;a neighbour in my street;,Noise;Trees;Fences;Dogs and other pets;Children;Pools;Retaining walls;Overgrown gardens;Rubbish bins;Privacy;Lighting;Cameras;Security;Behaviours;Smells;Abuse;Threats;Drainage;Renovations;Parking;Objects;Easements;Access;By-law breaches (body corporate);Common property (body corporate);Harassment;Wildlife;,Self Resolution;,Titles Registry contacts - Department of Natural Resources and Mines,Details for Titles Registry enquiries,https://www.dnrm.qld.gov.au/our-department/contact-us/titles-registry-contacts,text/html,guidelines,,Queensland,Titles registry will be able to assist with questions like - ""the property next door is rented. Who is the owner?""
Question;,a neighbour;,Trees;Fences;,Self Resolution;,Supreme Court Library Queensland |,,http://www.sclqld.org.au/caselaw/,text/html,guidelines,,Queensland,"Supreme Court library - will have all published decisions regarding QCAT matters, including NDR - Tree disputes"
Question;,a neighbour;,Trees;,Self Resolution;,Tree orders register - QCAT Queensland Civil and Administrative Tribunal,,http://www.qcat.qld.gov.au/matter-types/tree-disputes/tree-order-register,text/html,guidelines,Queensland Department of Justice and Attorney-General,Queensland,QCAT website - what type of decisions have been made regarding tree disputes before QCAT?
Concern;Question;Problem;,;a neighbour;someone in my neighbourhood;a neighbour next door;a neighbour in my street;,Drainage;,Self Resolution;,Urban drainage manual - Department of Energy and Water Supply,The Queensland urban drainage manual provides local governments and stormwater professionals with a standardised approach for planning and designing urban stormwater drainage.,https://www.dews.qld.gov.au/water-supply-regulations/urban-drainage,text/html,standard,,Queensland,Dept of Energy & Water supply - Urban Drainage Manual
Concern;Question;Problem;,a neighbour;someone in my neighbourhood;a neighbour next door;a neighbour in my street;,Noise;Behaviours;Trees;Smells;Fences;Abuse;Dogs and other pets;Threats;Children;Drainage;Pools;Renovations;Retaining walls;Parking;Overgrown gardens;Objects;Rubbish bins;Easements;Lighting;By-law breaches (body corporate);Cameras;Common property (body corporate);Security;Harassment;Wildlife;,Self Resolution;,Body corporate,"Body corporate law in Queensland, including the main legislation, covenants, bylaws, and recent changes.",http://www.qld.gov.au/law/housing-and-neighbours/body-corporate/,text/html,guidelines,,Queensland,General information on body corporates. *Most important link for general information on bodies corporate
Concern;Question;Problem;,a neighbour;a neighbour next door;someone in my neighbourhood;a neighbour next door;a neighbour in my street;a neighbour in my building;an adjoining landowners;another unit owner/lot owner;a neighbour in my body corporate;,Pools;,Self Resolution;Formal Resolution;,Department of Housing and Public Works | Dividing fences,,http://www.hpw.qld.gov.au/construction/BuildingPlumbing/PoolSafety/PoolFencesSafetyBarriers/Pages/DividingFences.aspx,text/html,procedure,,Queensland,HPW info on dividing fences which are pool fences - links to forms and fact sheets
Concern;Question;Problem;Complaint;Conflict;Issue;,a neighbour;a neighbour next door;someone in my neighbourhood;a neighbour next door;a neighbour in my street;a neighbour in my building;an adjoining landowners;another unit owner/lot owner;a neighbour in my body corporate;,Pools;,Self Resolution;Formal Resolution;,QDCMP3.4SwimmingPoolBarriers,,http://www.hpw.qld.gov.au/SiteCollectionDocuments/QDCMP3.4SwimmingPoolBarriers.pdf,application/pdf,legislation,,Queensland,Relevant?
Concern;Question;Problem;Disagreement;Issue;Dispute;,a neighbour;a neighbour next door;someone in my neighbourhood;a neighbour next door;a neighbour in my street;a neighbour in my building;an adjoining landowners;another unit owner/lot owner;a neighbour in my body corporate;,Pools;,Self Resolution;Formal Resolution;,GuidelinesForPoolOwnersAndPropertyAgents,,http://www.hpw.qld.gov.au/SiteCollectionDocuments/GuidelinesForPoolOwnersAndPropertyAgents.pdf,application/pdf,guidelines,,Queensland,
Concern;Question;Problem;,a neighbour;a neighbour next door;someone in my neighbourhood;a neighbour next door;a neighbour in my street;a neighbour in my building;an adjoining landowners;another unit owner/lot owner;a neighbour in my body corporate;,Pools;,Self Resolution;,propertySearch,,https://www.smarteda.qld.gov.au/pools/properties/propertySearch.action;jsessionid=9CD93A5835C09059BFC9500E781EA223,text/html,procedure,,Queensland,Pool register search
Concern;Question;Problem;,a neighbour;a neighbour next door;someone in my neighbourhood;a neighbour next door;a neighbour in my street;a neighbour in my building;an adjoining landowners;another unit owner/lot owner;a neighbour in my body corporate;,Pools;Noise;,Self Resolution;,"Complaints - noise, water, smells and fire",,http://www.legalaid.qld.gov.au/legalinformation/livinginthecommunity/Neighbourhood/Pages/Complaints-noisewatersmellsandfire.aspx,text/html,procedure,,Queensland,Info from Legal Aid on managing noise/smells issues including pool pumps
Concern;Question;Problem;Complaint;Dispute;Issue;,a neighbour;a neighbour next door;someone in my neighbourhood;a neighbour next door;a neighbour in my street;a neighbour in my building;an adjoining landowners;another unit owner/lot owner;a neighbour in my body corporate;,Pools;Noise;,Self Resolution;Formal Resolution;Assisted Resolution;,Complain about noisy neighbours,"How to resolve problems with noisy neighbours, loud dogs and noisy vehicles, pubs and clubs.",https://www.qld.gov.au/law/housing-and-neighbours/noise-and-crime-in-the-neighbourhood/complain-about-noisy-neighbours/,text/html,procedure,,Queensland,Guide to complaining about noisy neighbours
Concern;Question;Problem;Complaint;Dispute;Issue;,a neighbour;a neighbour next door;someone in my neighbourhood;a neighbour next door;a neighbour in my street;a neighbour in my building;an adjoining landowners;another unit owner/lot owner;a neighbour in my body corporate;,Pools;,Self Resolution;Formal Resolution;Assisted Resolution;,Pool fencing and safety laws,"Laws for building pools and spas, including portable spas, and possible exemptions.",https://www.qld.gov.au/law/your-rights/legal-and-property-rights/laws-for-building-houses-and-pools/pool-fencing-and-safety-laws/,text/html,procedure,,Queensland,Laws about pool fences and safety
